[
  {
    "id": 1,
    "title": "Apel Pagi Fakultas Adab dan Humaniora: Penguatan Tridharma",
    "date": "2025-11-03",
    "excerpt": "Fakultas Adab dan Humaniora menggelar apel pagi yang dipimpin oleh Ahmad Wahidi, menekankan pentingnya pelaksanaan Pengabdian kepada Masyarakat (PKM).",
    "url": "https://adab.radenfatah.ac.id/main/apel-pagi-fakultas-adab-dan-humaniora-penguatan-tridharma-perguruan-tinggi-dan-sinergi-antar-fakultas/"
  },
  {
    "id": 2,
    "title": "Apel Pagi Fakultas Adab dan Humaniora UIN Raden Fatah Palembang",
    "date": "2025-10-27",
    "excerpt": "Apel pagi rutin yang berlangsung di halaman depan fakultas, diikuti seluruh civitas akademika dan dipimpin oleh pimpinan fakultas.",
    "url": "https://adab.radenfatah.ac.id/main/apel-pagi-fakultas-adab-dan-humaniora-uin-raden-fatah-palembang-3/"
  },
  {
    "id": 3,
    "title": "Fakultas Adab dan Humaniora Hadiri Rapat Penyusunan SOP UIN Raden Fatah Palembang",
    "date": "2025-10-20",
    "excerpt": "Rapat penyusunan SOP yang dihadiri perwakilan fakultas bertujuan meningkatkan tata kelola akademik.",
    "url": "https://adab.radenfatah.ac.id/main/fakultas-adab-dan-humaniora-hadiri-rapat-penyusunan-sop-uin-raden-fatah-palembang/"
  }
]